노선,항공사,좌석수,성인,유아,여객수,이용율
김포-인천,ESR,189,176,0,176,93.1
인천-김해,KAL,25372,15157,63,15220,59
김해-인천,KAL,25393,14963,65,15028,58.9
제주-인천,AAR,195,150,0,150,76.9
제주-인천,ESR,189,168,0,168,88.9
제주-인천,JJA,756,602,2,604,79.6
제주-인천,JNA,188,161,1,162,85.6
제주-인천,KAL,600,439,3,442,73.2
인천-대구,KAL,4060,2184,17,2201,53.8
대구-인천,KAL,4060,1838,12,1850,45.3
김포-김해,ABL,53082,46443,377,46820,87.5
김포-김해,JJA,18636,17158,102,17260,92.1
김포-김해,JNA,10962,9977,47,10024,91
김포-김해,KAL,39640,34596,270,34866,87.3
김포-김해,TWB,16254,15655,141,15796,96.3
김해-김포,ABL,52992,46385,400,46785,87.5
김해-김포,JJA,18840,16343,113,16456,86.7
김해-김포,JNA,10962,9768,39,9807,89.1
김해-김포,KAL,39646,35229,271,35500,88.9
김해-김포,TWB,16254,15388,135,15523,94.7
김포-제주,AAR,156493,13878,1397,139275,88.1
김포-제주,ABL,52291,48964,315,49279,93.6
김포-제주,ASV,11000,10266,69,10335,93.3
김포-제주,ESR,890919,85707,452,86159,96.3
김포-제주,JJA,106407,100008,647,100655,94
김포-제주,JNA,38041,36250,186,36463,95.3
김포-제주,KAL,116970,106790,963,107753,91.3
김포-제주,TWB,75789,72289,505,72794,95.4
제주-김포,AAR,155977,134996,1269,136265,86.5
제주-김포,ABL,52146,49076,308,49384,94.1
제주-김포,ASV,11000,10181,74,10255,92.6
제주-김포,ESR,88641,84974,440,85414,95.9
제주-김포,JJA,105462,96444,597,97041,91.4
제주-김포,JNA,37664,36212,187,36399,96.1
제주-김포,KAL,116724,106860,809,107669,91.5
제주-김포,TWB,76167,72737,436,73173,95.5
김포-광주,AAR,9744,6447,96,6543,66.2
광주-김포,AAR,9744,6761,82,6843,69.4
김포-여수,AAR,11226,7628,102,7730,67.9
김포-여수,JNA,5481,2937,49,2986,53.6
여수-김포,AAR,11226,6741,87,6828,60
여수-김포,JNA,5481,4103,140,10984,64.9
김포-울산,JNA,5481,4028,87,4115,73.5
김포-울산,KAL,7980,6831,67,6898,85.6
울산-김포,JNA,5481,4387,89,4476,80
울산-김포,KAL,7980,6967,73,7040,87.3
김포-사천,JNA,10584,7453,120,7573,70.4
사천-김포,JNA,10584,7757,111,7868,73.3
김포-포항경주,JNA,4914,2479,50,2529,50.4
포항경주-김포,JNA,4914,2478,52,2530,50.4
제주-김해,ABL,47995,41372,324,41696,86.2
제주-김해,JJA,34587,31102,251,31353,89.9
제주-김해,JNA,26969,25225,171,25396,93.5
제주-김해,KAL,28764,25592,163,25755,89
김해-제주,ABL,47850,42667,351,43018,89.2
김해-제주,JJA,34398,31137,264,31401,90.5
김해-제주,JNA,26969,24611,209,24820,91.3
김해-제주,KAL,28672,25472,179,25651,88.8
제주-대구,AAR,9879,7900,70,7970,80
제주-대구,JJA,10773,9948,80,10028,92.3
제주-대구,JNA,21869,19352,153,19505,88.5
제주-대구,KAL,8174,7337,86,7423,89.8
제주-대구,TWB,33831,30982,165,31147,91.6
대구-제주,AAR,9705,7898,74,7972,81.4
대구-제주,JJA,10773,9869,82,9951,91.6
대구-제주,JNA,21680,19173,145,19318,88.4
대구-제주,KAL,7986,7252,81,7333,90.8
대구-제주,TWB,34020,31196,199,31395,91.7
제주-청주,AAR,14730,11997,104,12101,81.4
제주-청주,EOK,15660,14340,129,14469,91.6
제주-청주,ESR,16065,14948,73,15021,93
제주-청주,JJA,21546,19202,111,19313,89.1
제주-청주,JNA,27536,26382,297,26679,95.8
제주-청주,KAL,20512,17243,211,17454,84.1
제주-청주,TWB,22113,21301,207,21508,96.3
청주-제주,AAR,14570,11700,130,11830,80.3
청주-제주,EOK,15660,14317,120,14437,91.4
청주-제주,ESR,16065,14955,100,15055,93.1
청주-제주,JJA,21546,18904,158,19062,87.7
청주-제주,JNA,27347,25975,269,26244,95
청주-제주,KAL,20184,17713,229,17942,87.8
청주-제주,TWB,22113,20866,210,21076,94.4
제주-광주,AAR,19293,14399,108,14507,74.6
제주-광주,JJA,10773,9725,43,9768,90.3
제주-광주,JNA,10557,9073,65,9138,85.9
제주-광주,KAL,17872,14869,121,14990,83.2
제주-광주,TWB,21357,19474,171,19645,91.2
광주-제주,AAR,19119,14344,130,14474,75
광주-제주,JJA,10773,9859,64,9923,91.5
광주-제주,JNA,10887,9180,75,9255,87
광주-제주,KAL,17544,14132,125,14257,80.6
광주-제주,TWB,21546,20172,153,20325,93.6
제주-여수,AAR,10067,6429,60,6489,63.9
제주-여수,JNA,5481,5089,32,5121,92.8
제주-여수,KAL,4060,2999,29,3028,73.9
여수-제주,AAR,9879,6748,73,6821,68.3
여수-제주,JNA,5481,4746,33,4779,86.6
여수-제주,KAL,3920,2924,32,2956,74.6
제주-울산 ,KAL,4060,3858,58,3916,95
울산-제주,KAL,3920,3571,49,3620,91.1
제주-사천,KAL,2256,1809,28,1837,80.2
사천-제주,KAL,2256,1848,28,1876,81.9
제주-포항경주,JNA,10017,7889,63,7952,78.8
포항경주-제주,JNA,10017,8309,84,8393,82.9
제주-군산,ESR,10773,9494,90,9584,88.1
제주-군산,JNA,5292,4520,55,4575,85.4
군산-제주,ESR,10773,9642,98,9740,89.5
군산-제주,JNA,5292,4704,56,4760,88.9
제주-원주,JNA,8504,6552,79,6631,77
원주-제주,JNA,8504,7336,92,7428,86.3
인천-김해,KAL,27017,15387,66,15453,57
김해-인천,KAL,26910,15152,61,15213,56.3
제주-인천,AAR,1282,883,6,889,68.9
제주-인천,ABL,195,62,1,63,31.8
제주-인천,ASV,220,202,2,204,91.8
제주-인천,ESR,189,169,0,169,89.4
제주-인천,JJA,1701,1553,11,1564,91.3
제주-인천,TWB,378,363,0,363,96
인천-대구,KAL,4384,2210,8,2218,50.4
대구-인천,KAL,4336,1948,9,1957,44.9
포항경주-인천,,189,74,0,74,39.2
김포-김해,ABL,57172,50318,266,50584,88
김포-김해,JJA,19770,17499,63,17562,88.5
김포-김해,JNA,11529,9488,36,9524,82.3
김포-김해,KAL,39992,35124,157,35281,87.8
김포-김해,TWB,1701,1617,8,1625,95.1
김해-김포,ABL,57128,50129,264,50393,87.7
김해-김포,JJA,19770,17648,55,17703,89.3
김해-김포,JNA,11718,10460,42,10502,89.3
김해-김포,KAL,39664,35243,163,35406,88.9
김해-김포,TWB,1701,1570,17,1587,92.3
김포-제주,AAR,162051,140841,1539,142380,86.9
김포-제주,ABL,58114,54472,457,54929,93.7
김포-제주,ASV,26180,22760,189,22949,86.9
김포-제주,ESR,83538,77517,463,77980,92.8
김포-제주,JJA,116802,109875,874,110749,94.1
김포-제주,JNA,41056,39116,274,39390,95.3
김포-제주,KAL,122242,107669,1038,108707,88.1
김포-제주,TWB,81648,74610,525,75135,91.4
제주-김포,AAR,160363,138430,1472,139902,86.3
제주-김포,ABL,57938,54500,477,54977,94.1
제주-김포,ASV,25740,22154,175,22329,86.1
제주-김포,ESR,83160,78107,496,78603,93.9
제주-김포,JJA,115101,103883,815,104698,90.3
제주-김포,JNA,41056,39451,309,39760,96.1
제주-김포,KAL,122150,111338,1025,112363,91.1
제주-김포,TWB,81081,74715,585,75300,92.1
김포-광주,AAR,10788,6350,21,6401,58.9
광주-김포,AAR,10788,6602,67,6669,61.2
김포-여수,AAR,11985,7328,49,7377,61.1
김포-여수,JNA,5859,2822,15,2837,48.2
여수-김포,AAR,11790,6435,41,6476,54.6
여수-김포,JNA,5859,4123,29,4152,70.4
김포-울산,JNA,5670,4198,40,4238,74
김포-울산,KAL,8540,7288,47,7335,85.3
울산-김포,JNA,5670,4543,49,4592,80.1
울산-김포,KAL,8540,7239,48,7287,84.8
김포-사천,JNA,11718,7496,50,7546,64
사천-김포,JNA,11718,7580,62,7642,64.7
김포-포항경주,JNA,5859,2200,25,2225,37.5
포항경주-김포,JNA,5670,2086,19,2105,36.8
제주-김해,ABL,52029,44199,339,44538,85
제주-김해,JJA,40446,34701,301,35002,85.8
제주-김해,JNA,28853,26026,240,26266,90.2
제주-김해,KAL,30508,25232,204,25436,82.7
김해-제주,ABL,51853,43469,332,43801,83.8
김해-제주,JJA,40257,34573,276,34849,85.9
김해-제주,JNA,28853,26273,280,26553,91.1
김해-제주,KAL,30368,25388,199,25587,83.6
제주-대구,AAR,10713,7686,56,7742,71.7
제주-대구,JJA,11907,9983,114,10097,83.8
제주-대구,JNA,23562,18470,130,18600,78.4
제주-대구,KAL,8774,7558,109,7667,86.1
제주-대구,TWB,38745,32445,197,32642,83.7
대구-제주,AAR,10713,7390,59,7449,69
대구-제주,JJA,11907,10184,52,10236,85.5
대구-제주,JNA,23373,18012,132,18144,77.1
대구-제주,KAL,8774,7317,110,7427,83.4
대구-제주,TWB,38934,32116,251,32367,82.5
제주-청주,AAR,16107,12097,139,12236,75.1
제주-청주,EOK,16740,13741,172,13913,82.1
제주-청주,ESR,17766,15050,93,15143,84.7
제주-청주,JJA,23625,20235,150,20385,85.7
제주-청주,JNA,29610,24243,336,24579,81.9
제주-청주,KAL,21588,16353,254,16607,75.8
제주-청주,TWB,25893,22064,277,22341,85.2
청주-제주,AAR,15759,11590,159,11749,73.5
청주-제주,EOK,16740,13665,156,13821,81.6
청주-제주,ESR,17766,15424,109,15533,86.8
청주-제주,JJA,23436,19850,190,20040,84.7
청주-제주,JNA,29233,24533,288,24841,84
청주-제주,KAL,21400,15761,266,16027,73.6
청주-제주,TWB,25704,21529,252,21781,83.8
제주-광주,AAR,21141,15133,121,15254,71.6
제주-광주,JJA,11718,9713,65,9778,82.9
제주-광주,JNA,12066,8717,64,8781,72.2
제주-광주,KAL,18992,13748,118,13866,72.4
제주-광주,TWB,23436,19388,156,19544,82.7
광주-제주,AAR,21141,14246,131,14377,67.4
광주-제주,JJA,11718,9569,62,9631,81.7
광주-제주,JNA,12066,9337,59,9396,77.4
광주-제주,KAL,18992,12851,130,12981,67.7
광주-제주,TWB,23436,19515,149,19664,83.3
제주-여수,AAR,10727,6131,51,6182,57.2
제주-여수,JNA,5859,4835,57,4892,82.5
제주-여수,KAL,4340,2968,39,3007,68.4
여수-제주,AAR,10727,5930,70,6000,55.3
여수-제주,JNA,5859,4560,45,4605,77.8
여수-제주,KAL,4340,2819,30,2849,65
제주-울산 ,JNA,189,109,0,109,57.7
제주-울산 ,KAL,4200,3652,59,3711,87
울산-제주,JNA,189,142,2,144,75.1
울산-제주,KAL,4200,3417,62,3479,81.4
제주-사천,KAL,2632,1849,20,1869,70.3
사천-제주,KAL,2632,1834,18,1852,69.7
제주-포항경주,JNA,11718,8229,81,8321,70.2
포항경주-제주,JNA,11718,8025,82,8107,68.5
제주-군산,ESR,11718,9451,90,9541,80.7
제주-군산,JNA,5858,4637,68,4705,79.2
군산-제주,ESR,11718,9485,95,9580,80.9
군산-제주,JNA,5858,4522,60,4582,77.2
제주-원주,JNA,11337,7835,103,7938,69.1
원주-제주,JNA,11337,7985,102,8087,70.4
인천-김해,KAL,19958,15900,85,15985,79.7
김해-인천,KAL,19946,16385,70,16455,82.1
제주-인천,ESR,189,165,2,167,87.3
제주-인천,JJA,567,457,,457,80.6
제주-인천,JNA,189,185,,185,87.9
인천-대구,KAL,4390,1901,14,1915,43.3
대구-인천,KAL,4440,1976,14,1990,44.5
김포-김해,ABL,55986,48187,261,48448,86.1
김포-김해,JJA,14493,12081,47,12128,83.4
김포-김해,JNA,9450,8867,44,8911,93.8
김포-김해,KAL,39813,35255,174,35429,88.6
김해-김포,ABL,61122,51381,285,51666,84.1
김해-김포,JJA,14493,13029,42,13071,89.9
김해-김포,JNA,9639,8583,35,8618,89
김해-김포,KAL,39792,35814,173,35987,90
김포-제주,AAR,158208,147843,1822,149665,93.4
김포-제주,ABL,44972,42976,345,43321,95.6
김포-제주,ASV,9460,7930,65,7995,83.8
김포-제주,ESR,86562,81671,654,82325,94.3
김포-제주,JJA,118314,112820,925,113745,95.4
김포-제주,JNA,45084,43136,414,43550,95.7
김포-제주,KAL,152203,141458,1735,143193,92.9
김포-제주,TWB,78813,74351,741,75092,94.3
제주-김포,AAR,158208,145980,1773,147753,92.3
제주-김포,ABL,39681,38279,312,38591,96.5
제주-김포,ASV,9460,8595,97,8692,90.9
제주-김포,ESR,86373,84215,648,84863,97.5
제주-김포,JJA,117558,111990,871,112861,95.3
제주-김포,JNA,45084,43929,378,44307,97.4
제주-김포,KAL,152670,145001,1699,146700,95
제주-김포,TWB,78813,75769,770,76539,96.1
김포-광주,AAR,10440,6194,51,6245,59.3
광주-김포,AAR,10440,6382,67,6449,61.1
김포-여수,AAR,10425,6777,60,6837,65
김포-여수,JNA,5292,3221,23,3244,60.9
여수-김포,AAR,10425,6681,42,6723,64.1
여수-김포,JNA,5670,4168,38,4206,73.5
김포-울산,JNA,5670,4531,64,4595,79.9
김포-울산,KAL,8260,7244,36,7280,87.7
울산-김포,JNA,5670,4902,70,4972,86.5
울산-김포,KAL,8260,7312,44,7356,88.5
김포-사천,JNA,11340,7703,72,7775,67.9
사천-김포,JNA,11340,7886,73,7959,69.5
김포-포항경주,JNA,5292,2214,29,2243,41.8
포항경주-김포,JNA,5103,1946,25,1971,38.1
제주-김해,ABL,75108,66671,553,67224,88.8
제주-김해,JJA,36288,34744,327,35071,95.7
제주-김해,JNA,28291,26021,278,26299,92
제주-김해,KAL,29505,27188,213,27401,92.1
김해-제주,ABL,70232,65986,551,66537,94
김해-제주,JJA,36288,35087,309,35396,96.7
김해-제주,JNA,28291,26666,286,26952,94.3
김해-제주,KAL,29538,27841,224,28065,94.3
제주-대구,AAR,10440,7131,64,7195,68.3
제주-대구,JJA,16443,15038,149,15187,91.5
제주-대구,JNA,28280,24681,271,24952,87.3
제주-대구,KAL,11280,9446,126,9572,83.7
제주-대구,TWB,37611,34034,196,34230,90.5
대구-제주,AAR,10440,7326,70,7396,70.2
대구-제주,JJA,16443,14778,77,14855,89.9
대구-제주,JNA,28281,26128,298,26426,92.4
대구-제주,KAL,11280,8923,137,9060,79.1
대구-제주,TWB,37611,33770,235,34005,89.8
제주-청주,AAR,15660,14207,233,14440,90.7
제주-청주,EOK,16200,12566,165,12731,77.6
제주-청주,ESR,22302,20760,202,20962,93.1
제주-청주,JJA,24192,23311,204,23515,96.4
제주-청주,JNA,28293,27658,415,28073,97.8
제주-청주,KAL,16329,14002,243,14245,85.7
제주-청주,TWB,23247,21830,419,22249,93.9
청주-제주,AAR,15660,13702,254,13956,87.5
청주-제주,EOK,16200,12475,170,12645,77
청주-제주,ESR,22491,21139,216,21355,94
청주-제주,JJA,24381,23219,266,23485,95.2
청주-제주,JNA,28292,26944,319,27263,95.2
청주-제주,KAL,16329,15416,313,15729,94.4
청주-제주,TWB,23247,22052,383,22435,94.9
제주-무안,JJA,756,334,4,338,44.2
무안-제주,JJA,567,353,2,355,62.3
제주-광주,AAR,20880,15233,102,15335,73
제주-광주,JJA,11340,10775,72,10847,95
제주-광주,JNA,22461,20791,199,20990,92.6
제주-광주,KAL,18240,14886,187,15073,81.6
제주-광주,TWB,22680,19736,191,19927,87
광주-제주,AAR,20880,16385,169,16554,78.5
광주-제주,JJA,11340,10879,91,10970,95.9
광주-제주,JNA,22461,19054,146,19200,84.8
광주-제주,KAL,18240,14623,191,14814,80.2
광주-제주,TWB,22680,19825,176,20001,87.4
제주-여수,AAR,11063,7496,99,7595,67.8
제주-여수,JNA,5670,5467,73,5540,96.4
제주-여수,KAL,4200,2979,44,3023,70.9
여수-제주,AAR,11063,7633,94,7727,69
여수-제주,JNA,5292,5053,64,5117,95.5
여수-제주,KAL,4200,3056,48,3104,72.8
제주-울산 ,JNA,5670,3983,76,4059,70.2
제주-울산 ,KAL,4200,3730,98,3828,88.8
울산-제주,JNA,5670,5164,109,5273,91.1
울산-제주,KAL,4200,3540,74,3614,84.3
제주-사천,KAL,2256,1856,35,1891,82.3
사천-제주,KAL,2256,1712,37,1749,75.9
제주-포항경주,JNA,10395,7695,108,7803,74
포항경주-제주,JNA,10584,7695,111,7806,72.7
제주-군산,ESR,10962,9815,115,9930,89.5
제주-군산,JNA,5670,4884,70,4954,86.1
군산-제주,ESR,10962,9941,100,10041,90.7
군산-제주,JNA,5670,5110,91,5201,90.1
제주-원주,JNA,11324,9168,153,9321,81
원주-제주,JNA,11324,8995,152,9147,79.4
인천-김해,KAL,25349,17263,62,17325,68.1
김해-인천,KAL,25364,17793,96,17889,70.2
제주-인천,AAR,485,370,1,371,76.3
제주-인천,ESR,378,358,1,359,94.7
제주-인천,JJA,189,181,1,182,95.8
제주-인천,JNA,188,171,1,172,91
제주-인천,KAL,472,445,1,446,94.3
제주-인천,TWB,378,351,2,353,92.9
인천-대구,KAL,4804,2416,15,2431,50.3
대구-인천,KAL,4769,2370,12,2382,49.7
김포-김해,ABL,56092,50681,307,50988,90.4
김포-김해,JJA,11454,10484,34,10518,91.5
김포-김해,JNA,9828,9338,59,9397,95
김포-김해,KAL,39984,36018,227,36245,90.1
김해-김포,ABL,61713,54142,323,54465,87.7
김해-김포,JJA,11454,10576,34,10610,92.3
김해-김포,JNA,10017,8750,51,8801,87.4
김해-김포,KAL,39844,36071,21213,57284,90.5
김포-제주,AAR,163643,151512,1783,153295,92.6
김포-제주,ABL,45494,43512,326,43838,95.6
김포-제주,ASV,4400,4166,39,4205,94.7
김포-제주,ESR,92988,87916,656,88572,94.5
김포-제주,JJA,118503,113581,1075,114656,95.8
김포-제주,JNA,46212,44036,364,44400,95.3
김포-제주,KAL,159293,147616,1712,149328,92.7
김포-제주,TWB,82026,77966,823,78789,95.1
제주-김포,AAR,162963,152759,1879,154638,93.7
제주-김포,ABL,39870,38407,333,38740,96.3
제주-김포,ASV,4400,4033,38,4071,91.7
제주-김포,ESR,92421,89690,693,90383,97
제주-김포,JJA,118314,112447,917,113364,95
제주-김포,JNA,46606,45263,387,45650,97.1
제주-김포,KAL,158967,150869,1668,152537,94.9
제주-김포,TWB,81648,78472,765,79237,96.1
김포-광주,AAR,10788,6624,76,6700,61.4
광주-김포,AAR,10788,7040,78,7118,65.3
김포-여수,AAR,10788,7225,86,7311,67
김포-여수,JNA,5859,3909,33,3942,66.7
여수-김포,AAR,10788,7224,71,7295,67
여수-김포,JNA,5670,4466,46,4512,78.8
김포-울산,JNA,5670,4216,83,4299,74.4
김포-울산,KAL,8540,7153,45,7198,83.8
울산-김포,JNA,5670,4788,63,4851,84.4
울산-김포,KAL,8540,7081,48,7129,82.9
김포-사천,JNA,11529,8553,92,8645,74.2
사천-김포,JNA,11529,8662,89,8751,75.1
김포-포항경주,JNA,5859,2606,49,2655,44.5
포항경주-김포,JNA,5670,2485,37,2522,43.8
제주-김해,ABL,79241,70126,596,70722,88.5
제주-김해,JJA,37611,34831,285,35116,92.6
제주-김해,JNA,28667,26098,285,26383,91
제주-김해,KAL,30588,27546,234,27780,90.1
김해-제주,ABL,73617,68690,648,69338,93.3
김해-제주,JJA,37611,35336,281,35617,94
김해-제주,JNA,28667,26971,279,27250,94.1
김해-제주,KAL,30713,29013,266,29279,94.5
제주-대구,AAR,10788,7377,49,7426,68.4
제주-대구,JJA,17388,15800,167,15967,90.9
제주-대구,JNA,28826,24858,308,25166,86.2
제주-대구,KAL,11626,10091,144,10235,86.8
제주-대구,TWB,39312,36378,272,36650,92.5
대구-제주,AAR,10788,7711,73,7784,71.5
대구-제주,JJA,17388,15787,110,15897,90.8
대구-제주,JNA,28826,25832,316,26148,89.6
대구-제주,KAL,11626,9431,139,9570,81.1
대구-제주,TWB,39312,35799,329,36128,91.1
제주-청주,AAR,16182,14816,202,15018,91.6
제주-청주,EOK,16740,14772,199,14971,88.2
제주-청주,ESR,23436,21708,189,21897,92.6
제주-청주,JJA,24948,23196,182,23378,93
제주-청주,JNA,28855,27051,366,27417,93.7
제주-청주,KAL,16952,14563,281,14844,85.9
제주-청주,TWB,25893,24224,399,24623,93.6
청주-제주,AAR,16182,14114,206,14320,87.2
청주-제주,EOK,16740,15023,173,15196,89.7
청주-제주,ESR,23247,21677,181,21858,93.2
청주-제주,JJA,24948,22950,262,23212,92
청주-제주,JNA,28666,26380,288,26668,92
청주-제주,KAL,16952,15694,316,16010,92.6
청주-제주,TWB,25893,24379,425,24804,94.2
제주-무안,JJA,3969,2728,97,2825,68.7
무안-제주,JJA,4158,2987,49,3036,71.8
제주-광주,AAR,21576,15324,127,15451,71
제주-광주,JJA,11718,10903,86,10989,93
제주-광주,JNA,20570,18483,167,18650,89.9
제주-광주,KAL,18833,15136,166,15302,80.4
제주-광주,TWB,23436,21262,21472,42734,90.7
광주-제주,AAR,21576,16672,153,16825,77.3
광주-제주,JJA,11718,10962,99,11061,93.5
광주-제주,JNA,20570,17186,102,17288,83.5
광주-제주,KAL,18833,15144,209,15353,80.4
광주-제주,TWB,23436,21412,197,21609,91.4
제주-여수,AAR,11439,8477,94,8571,74.1
제주-여수,JNA,5670,5391,65,5456,95.1
제주-여수,KAL,4340,3198,42,3240,73.7
여수-제주,AAR,11439,9068,97,9165,79.3
여수-제주,JNA,5859,5550,71,5621,94.7
여수-제주,KAL,4340,2989,44,3033,68.9
제주-울산 ,JNA,5859,4177,92,4269,71.3
제주-울산 ,KAL,4200,3737,95,3832,89
울산-제주,JNA,5859,5477,141,5618,93.5
울산-제주,KAL,4200,3307,68,3375,78.7
제주-사천,KAL,2632,2258,43,2301,85.8
사천-제주,KAL,2632,2133,42,2175,81
제주-포항경주,JNA,11529,9141,114,9255,79.3
포항경주-제주,JNA,11529,9027,121,9148,78.3
제주-군산,ESR,11718,10472,123,10595,89.4
제주-군산,JNA,5859,5033,79,5112,85.9
군산-제주,ESR,11718,10522,116,10638,89.8
군산-제주,JNA,5859,5124,96,5220,87.5
제주-원주,JNA,11529,9552,166,9718,82.9
원주-제주,JNA,11529,9507,164,9671,82.5
인천-김해,KAL,24346,16227,86,16313,66.7
김해-인천,KAL,24250,17080,75,17155,70.4
제주-인천,AAR,369,366,2,368,99.2
제주-인천,ABL,195,195,0,195,100
제주-인천,ESR,378,202,0,202,53.4
제주-인천,JJA,567,563,2,565,99.3
제주-인천,JNA,189,188,1,189,99.5
제주-인천,KAL,370,370,0,370,100
제주-인천,TWB,189,55,0,55,29.1
인천-대구,KAL,4240,2308,9,2317,54.4
대구-인천,KAL,4273,2474,17,2491,57.9
김포-김해,ABL,54207,49156,282,49438,90.7
김포-김해,JJA,10902,9903,38,9941,90.8
김포-김해,JNA,9450,8602,28,8630,91
김포-김해,KAL,39305,34319,166,34485,87.3
김해-김포,ABL,59935,52439,338,52777,87.5
김해-김포,JJA,10902,9827,27,9854,90.1
김해-김포,JNA,9639,8179,29,8208,84.9
김해-김포,KAL,39180,34149,177,34326,87.2
김포-제주,AAR,144617,127904,1681,129585,88.4
김포-제주,ABL,44117,40961,353,41314,92.8
김포-제주,ASV,26180,23410,232,23642,89.4
김포-제주,ESR,86916,80911,645,81556,93.1
김포-제주,JJA,113967,108556,962,109518,95.3
김포-제주,JNA,45273,43460,390,43850,96
김포-제주,KAL,152486,133224,1641,134865,87.4
김포-제주,TWB,93789,86636,834,87470,92.4
제주-김포,AAR,144248,131940,1719,133659,91.5
제주-김포,ABL,38132,36226,335,36561,95
제주-김포,ASV,26180,24342,227,24569,93
제주-김포,ESR,86727,84101,763,84864,97
제주-김포,JJA,113400,108053,971,109024,95.3
제주-김포,JNA,45084,43553,374,43927,96.6
제주-김포,KAL,151934,141161,1685,142846,92.9
제주-김포,TWB,93600,89612,883,90495,95.7
김포-광주,AAR,10440,6208,61,6269,59.5
광주-김포,AAR,10440,6567,67,6634,62.9
김포-여수,AAR,10280,6472,61,6533,63
김포-여수,JNA,5481,3409,31,3440,62.2
여수-김포,AAR,10280,6653,78,6731,64.7
여수-김포,JNA,5481,4017,37,4054,73.3
김포-울산,JNA,5103,4100,68,4168,80.3
김포-울산,KAL,8120,6664,49,6713,82.1
울산-김포,JNA,5103,4337,54,4391,85
울산-김포,KAL,8120,6589,61,6650,81.1
김포-사천,JNA,10962,8404,89,8493,76.7
사천-김포,JNA,10962,8511,102,8613,77.6
김포-포항경주,JNA,5481,2479,29,2508,45.2
포항경주-김포,JNA,5292,2316,31,2347,43.8
제주-김해,ABL,74301,64382,651,65033,86.7
제주-김해,ESR,189,98,0,98,51.9
제주-김해,JJA,36084,33345,328,33673,92.4
제주-김해,JNA,27916,26398,319,26717,94.6
제주-김해,KAL,28864,24784,221,25005,85.9
김해-제주,ABL,68511,61280,622,61902,89.4
김해-제주,ESR,189,114,0,114,60.3
김해-제주,JJA,36273,33411,337,33748,92.1
김해-제주,JNA,28105,26503,263,26766,94.3
김해-제주,KAL,29004,25558,242,25800,88.1
제주-대구,AAR,10440,6650,61,6711,63.7
제주-대구,JJA,17010,14424,157,14581,84.8
제주-대구,JNA,28261,23493,281,23774,83.1
제주-대구,KAL,11280,9179,145,9324,81.4
제주-대구,TWB,38934,34357,303,34660,88.2
대구-제주,AAR,10440,6324,61,6385,60.6
대구-제주,JJA,17010,14179,113,14292,83.4
대구-제주,JNA,28261,23482,248,23730,83.1
대구-제주,KAL,11280,8083,134,8217,71.7
대구-제주,TWB,38934,33199,326,33525,85.3
제주-청주,AAR,15660,14465,269,14734,92.4
제주-청주,EOK,16200,15186,194,15380,93.7
제주-청주,ESR,22491,20933,207,21140,93.1
제주-청주,JJA,24381,22295,170,22465,91.4
제주-청주,JNA,28291,27213,353,27566,96.2
제주-청주,KAL,16484,13818,244,14062,83.8
제주-청주,TWB,23058,21548,342,21890,93.5
청주-제주,AAR,15660,13554,242,13796,86.6
청주-제주,EOK,16200,14976,193,15169,92.4
청주-제주,ESR,22680,21087,208,21295,93
청주-제주,JJA,24192,21729,220,21949,89.8
청주-제주,JNA,28291,26193,318,26511,92.6
청주-제주,KAL,16484,14746,252,14998,89.5
청주-제주,TWB,23058,20390,283,20673,88.4
제주-무안,JJA,3969,2615,37,2652,65.9
제주-무안,JNA,1701,1330,23,1353,78.2
무안-제주,JJA,3969,2996,48,3044,75.5
무안-제주,JNA,1701,1029,13,1042,60.5
제주-광주,AAR,20922,14460,122,14582,69.1
제주-광주,JJA,11340,10594,67,10661,93.4
제주-광주,JNA,19054,17444,174,17618,91.6
제주-광주,KAL,17540,13452,151,13603,76.7
제주-광주,TWB,22680,21120,193,21313,93.1
광주-제주,AAR,20922,15154,148,15302,72.4
광주-제주,JJA,11340,10362,76,10438,91.4
광주-제주,JNA,19054,16334,127,16461,85.7
광주-제주,KAL,17540,12514,154,12668,71.3
광주-제주,TWB,22680,20444,178,20622,90.1
제주-여수,AAR,10671,7255,84,7339,68
제주-여수,JNA,5481,5225,78,5303,95.3
제주-여수,KAL,4200,2992,45,3037,71.2
여수-제주,AAR,10671,7331,79,7410,68.7
여수-제주,JNA,5481,5033,73,5106,91.8
여수-제주,KAL,4200,2958,42,3000,70.4
제주-울산 ,JNA,5670,3636,72,3708,64.1
제주-울산 ,KAL,4060,3504,99,3603,86.3
울산-제주,JNA,5670,4870,117,4987,85.9
울산-제주,KAL,4060,2981,48,3029,73.4
제주-사천,KAL,2444,1987,46,2033,81.3
사천-제주,KAL,2444,1944,41,1985,79.5
제주-포항경주,JNA,10962,8170,129,8299,74.5
포항경주-제주,JNA,11151,7850,123,7973,70.4
제주-군산,ESR,11340,9563,101,9664,84.3
제주-군산,JNA,5670,4540,56,4596,80.1
군산-제주,ESR,11340,9433,83,9516,83.2
군산-제주,JNA,5670,4585,57,4642,80.9
제주-원주,JNA,11340,9483,120,9603,83.6
원주-제주,JNA,11340,9096,116,9212,80.2
인천-김해,KAL,26287,17163,61,17224,65.3
김해-인천,KAL,26147,19319,67,19386,73.9
제주-인천,ESR,750,644,3,647,85.9
제주-인천,JJA,945,729,2,731,77.1
제주-인천,JNA,188,172,2,174,91.5
제주-인천,KAL,182,62,0,62,34.1
제주-인천,TWB,246,187,0,187,76
인천-대구,KAL,4515,2480,20,2500,54.9
대구-인천,KAL,4467,2728,19,2747,61.1
김포-김해,ABL,56938,48066,307,48373,84.4
김포-김해,ESR,945,814,4,818,86.1
김포-김해,JJA,11469,9587,34,9621,83.6
김포-김해,JNA,9828,9218,30,9248,93.8
김포-김해,KAL,39123,33668,185,33853,86.1
김포-김해,TWB,13797,12860,56,12916,93.2
김해-김포,ABL,62586,51724,278,52002,82.6
김해-김포,ESR,1890,1644,12,1656,87
김해-김포,JJA,11454,9660,25,9685,84.3
김해-김포,JNA,9828,7363,14,7377,74.9
김해-김포,KAL,39156,33787,163,33950,86.3
김해-김포,TWB,13608,12484,38,12522,91.7
김포-제주,AAR,140222,127264,1377,128641,90.8
김포-제주,ABL,45265,43519,267,43786,96.1
김포-제주,ASV,26840,25058,212,25270,93.4
김포-제주,ESR,79053,75763,509,76272,95.8
김포-제주,JJA,117936,114108,782,114890,96.8
김포-제주,JNA,46220,44527,317,44844,96.3
김포-제주,KAL,154173,135658,1433,137091,88
김포-제주,TWB,82572,78520,597,79117,95.1
제주-김포,AAR,139338,116535,1232,117767,83.6
제주-김포,ABL,39617,36915,239,37154,93.2
제주-김포,ASV,26840,23934,158,24092,89.2
제주-김포,ESR,76605,72582,476,73058,94.7
제주-김포,JJA,116424,107893,740,108633,92.7
제주-김포,JNA,46033,43814,272,44086,95.2
제주-김포,KAL,153034,133120,1341,134461,87
제주-김포,TWB,82326,75521,516,76037,91.7
김포-광주,AAR,10823,5466,58,5524,50.5
광주-김포,AAR,10823,5830,43,5873,53.9
김포-여수,AAR,10788,6599,79,6678,61.2
김포-여수,JNA,5859,3159,32,3191,53.9
여수-김포,AAR,10788,6452,64,6516,59.8
여수-김포,JNA,5859,3535,38,3573,60.3
김포-울산,JNA,5859,4213,82,4295,71.9
김포-울산,KAL,8680,6854,42,6896,79
울산-김포,JNA,5859,4745,60,4805,81
울산-김포,KAL,8680,7113,57,7170,81.9
김포-사천,JNA,11718,7965,90,8055,68
사천-김포,JNA,11718,8083,81,8164,69
김포-포항경주,JNA,4536,1875,41,1916,41.3
포항경주-김포,JNA,5292,1879,26,1905,35.5
제주-김해,ABL,77138,59117,540,59657,76.6
제주-김해,ESR,1890,1428,8,1436,75.6
제주-김해,JJA,36666,30826,261,31087,84.1
제주-김해,JNA,28859,25222,205,25427,87.4
제주-김해,KAL,30969,23725,194,23919,76.6
김해-제주,ABL,71940,63618,597,64215,89
김해-제주,ESR,945,768,5,773,81.3
김해-제주,JJA,36666,32258,272,32530,88
김해-제주,JNA,28860,26703,251,26954,92.5
김해-제주,KAL,31076,26161,228,26389,84.2
제주-대구,AAR,10788,6475,67,6542,60
제주-대구,JJA,14742,11390,115,11505,77.3
제주-대구,JNA,29017,20640,199,20839,71.1
제주-대구,KAL,11656,8125,102,8227,69.7
제주-대구,TWB,40824,32437,230,32667,79.5
대구-제주,AAR,10788,7199,83,7282,66.7
대구-제주,JJA,14742,11286,72,11358,76.6
대구-제주,JNA,29205,22866,231,23097,78.3
대구-제주,KAL,11280,8361,113,8474,74.1
대구-제주,TWB,40824,34741,306,35047,85.1
제주-청주,AAR,16182,14226,213,14439,87.9
제주-청주,EOK,16560,15148,160,15308,91.5
제주-청주,ESR,24372,21169,145,21314,86.9
제주-청주,JJA,25326,21396,168,21564,84.5
제주-청주,JNA,29233,27353,304,27657,93.6
제주-청주,KAL,16705,12082,150,12232,72.3
제주-청주,TWB,19089,15855,205,16060,83.1
청주-제주,AAR,16182,14629,205,14834,90.4
청주-제주,EOK,16560,15433,176,15609,93.2
청주-제주,ESR,24183,22109,173,22282,91.4
청주-제주,JJA,25137,22625,239,22864,90
청주-제주,JNA,29233,27029,289,27318,92.5
청주-제주,KAL,16705,14904,203,15107,89.2
청주-제주,TWB,19089,17167,217,17384,89.9
제주-무안,JJA,3402,1886,16,1902,55.4
제주-무안,JNA,1701,1230,15,1245,72.3
무안-제주,JJA,3213,2262,27,2289,70.4
무안-제주,JNA,1512,938,10,948,62
제주-광주,AAR,21576,13822,122,13944,64.1
제주-광주,JJA,11718,9535,50,9585,81.4
제주-광주,JNA,20192,17324,166,17490,85.8
제주-광주,KAL,17588,10249,108,10357,58.3
제주-광주,TWB,23058,20076,167,20243,87.1
광주-제주,AAR,21576,16283,175,16458,75.5
광주-제주,JJA,11718,10116,67,10183,86.3
광주-제주,JNA,20192,16722,122,16844,82.8
광주-제주,KAL,17588,11896,134,12030,67.6
광주-제주,TWB,23058,20559,195,20754,89.2
제주-여수,AAR,10830,6490,68,6558,59.9
제주-여수,JNA,5859,4732,57,4789,80.8
제주-여수,KAL,4340,2537,25,2562,58.5
여수-제주,AAR,10830,7137,80,7217,65.9
여수-제주,JNA,5859,4860,58,4918,82.9
여수-제주,KAL,4340,2877,44,2921,66.3
제주-울산 ,JNA,5859,3226,43,3269,55.1
제주-울산 ,KAL,4340,3260,70,3330,75.1
울산-제주,JNA,5859,4733,92,4825,80.8
울산-제주,KAL,4340,3052,33,3085,70.3
제주-사천,KAL,2256,1483,15,1498,65.7
사천-제주,KAL,2256,1625,14,1639,72
제주-포항경주,JNA,10395,6390,70,6460,61.5
포항경주-제주,JNA,9639,7153,89,7242,74.2
제주-군산,ESR,11703,8975,88,9063,76.7
제주-군산,JNA,5858,3708,51,3759,63.3
군산-제주,ESR,11514,9178,99,9277,79.7
군산-제주,JNA,5858,4351,64,4415,74.3
제주-원주,JNA,10584,6709,92,6801,63.4
원주-제주,JNA,10584,7702,104,7806,72.8
김해-김포,TWB,11151,10318,81,10399,92.5
김포-제주,AAR,145664,133889,1590,135479,91.9
김포-제주,ABL,45664,42721,291,43012,93.6
김포-제주,ASV,27280,24630,176,24806,90.3
김포-제주,ESR,82863,75760,521,76281,91.4
김포-제주,JJA,117936,111320,712,112032,94.4
김포-제주,JNA,46781,44947,363,45310,96.1
김포-제주,KAL,155728,139158,1516,140674,89.4
김포-제주,TWB,83421,76463,489,76952,91.7
제주-김포,AAR,145200,135356,1532,136888,93.2
제주-김포,ABL,39658,38004,274,38278,95.8
제주-김포,ASV,27280,25683,183,25866,94.1
제주-김포,ESR,80979,78945,611,79556,97.5
제주-김포,JJA,116802,113928,750,114678,97.5
제주-김포,JNA,46215,44731,361,45092,96.8
제주-김포,KAL,154800,147315,1594,148909,95.2
제주-김포,TWB,83610,79956,595,80551,95.6
김포-대구,JNA,189,83,3,86,43.9
김포-광주,AAR,10788,5034,59,5093,46.7
광주-김포,AAR,10788,5473,80,5553,50.7
김포-여수,AAR,10788,6842,87,6929,63.4
김포-여수,JNA,5859,3853,40,3893,65.8
여수-김포,AAR,10788,6970,83,7053,64.6
여수-김포,JNA,5859,4422,62,4484,75.5
김포-울산,JNA,5859,4263,89,4352,72.8
김포-울산,KAL,8680,7075,41,7116,81.5
울산-김포,JNA,5859,4868,87,4955,83.1
울산-김포,KAL,8680,6728,46,6774,77.5
김포-사천,JNA,11717,7784,96,7880,66.4
사천-김포,JNA,11718,8271,100,8371,70.6
김포-포항경주,JNA,5670,2803,41,2844,49.4
포항경주-김포,JNA,5859,2696,50,2746,46
제주-김해,ABL,74126,69461,585,70046,93.7
제주-김해,ESR,1692,1588,8,1596,93.9
제주-김해,JJA,36840,35865,276,36141,97.4
제주-김해,JNA,29422,27832,231,28063,94.6
제주-김해,KAL,32550,29598,274,29872,90.9
김해-제주,ABL,68120,64100,509,64609,94.1
김해-제주,ESR,564,504,1,505,89.4
김해-제주,JJA,36855,35702,280,35982,96.9
김해-제주,JNA,29234,27906,247,28153,95.5
김해-제주,KAL,32598,29861,273,30134,91.6
제주-대구,AAR,10788,9068,66,9134,84.1
제주-대구,JJA,11718,11275,125,11400,96.2
제주-대구,JNA,28826,25898,254,26152,89.8
제주-대구,KAL,11656,10163,124,10287,87.2
제주-대구,TWB,41013,38985,258,39243,95.1
대구-제주,AAR,10788,8522,66,8588,79
대구-제주,JJA,11718,10815,85,10900,92.3
대구-제주,JNA,29202,25422,206,25628,87.1
대구-제주,KAL,11656,9017,116,9133,77.4
대구-제주,TWB,41013,36822,284,37106,89.8
제주-청주,AAR,16182,15631,261,15892,96.6
제주-청주,EOK,16740,16485,155,16640,98.5
제주-청주,ESR,24336,23556,179,23735,96.8
제주-청주,JJA,25137,24114,183,24297,95.9
제주-청주,JNA,29049,28722,332,29054,98.9
제주-청주,KAL,17140,15696,198,15894,91.6
제주-청주,TWB,22869,22253,283,22536,97.3
청주-제주,AAR,16182,14540,219,14759,89.9
청주-제주,EOK,16740,16309,144,16453,97.4
청주-제주,ESR,24336,22544,180,22724,92.6
청주-제주,JJA,25137,23939,231,24170,95.2
청주-제주,JNA,29238,27991,269,28260,95.7
청주-제주,KAL,17140,15694,215,15909,91.6
청주-제주,TWB,22869,21184,252,21436,92.6
제주-무안,JJA,3213,2277,23,2300,70.9
제주-무안,JNA,1701,1623,27,1650,95.4
무안-제주,JJA,3213,2448,30,2478,76.2
무안-제주,JNA,1701,1313,17,1330,77.2
제주-광주,AAR,21576,18810,180,18990,87.2
제주-광주,JJA,11718,11172,72,11244,95.3
제주-광주,JNA,20004,18523,177,18700,92.6
제주-광주,KAL,18096,14324,161,14485,79.2
제주-광주,TWB,23436,22220,194,22414,94.8
광주-제주,AAR,21576,18493,202,18695,85.7
광주-제주,JJA,11718,11069,96,11165,94.5
광주-제주,JNA,20004,16931,83,17014,84.6
광주-제주,KAL,18096,14324,161,14485,79.2
광주-제주,TWB,23436,20962,161,21123,89.4
제주-여수,AAR,10788,8188,85,8273,75.9
제주-여수,JNA,5859,5503,50,5553,93.9
제주-여수,KAL,4340,3385,46,3431,78
여수-제주,AAR,10788,7787,77,7864,72.2
여수-제주,JNA,5859,5313,44,5357,90.7
여수-제주,KAL,4340,3349,49,3398,77.2
제주-울산 ,JNA,5859,4488,68,4556,76.6
제주-울산 ,KAL,4200,3754,62,3816,89.4
울산-제주,JNA,5859,5316,89,5405,90.7
울산-제주,KAL,4200,3232,32,3264,77
제주-사천,KAL,2444,2077,28,2105,85
사천-제주,KAL,2444,1938,35,1973,79.3
제주-포항경주,JNA,11718,9340,98,9438,79.7
포항경주-제주,JNA,11529,8647,87,8734,75
제주-군산,ESR,11652,10318,112,10430,88.6
제주-군산,JNA,5859,5079,57,5136,86.7
군산-제주,ESR,11652,9802,92,9894,84.1
군산-제주,JNA,5859,5272,55,5327,90
제주-원주,JNA,11718,9971,125,10096,85.1
원주-제주,JNA,11718,9536,122,9658,81.4
